id	text	tag
data/img9251.png	Full	B-NAME
data/img9251.png	Name	I-NAME
data/img9251.png	Designation	B-DES
data/img9251.png	Phone	B-PHON
data/img9251.png	Number	I-PHON
data/img9251.png	Address	B-ADD
data/img9251.png	Line	I-ADD
data/img9251.png	1,	I-ADD
data/img9251.png	Address	I-ADD
data/img9251.png	Line	I-ADD
data/img9251.png	1	I-ADD
data/img9251.png	Address	I-ADD
data/img9251.png	Line	I-ADD
data/img9251.png	2,	I-ADD
data/img9251.png	Address	I-ADD
data/img9251.png	Line	I-ADD
data/img9251.png	2	I-ADD
data/img9251.png	Address	I-ADD
data/img9251.png	Line	I-ADD
data/img9251.png	3,	I-ADD
data/img9251.png	Address	I-ADD
data/img9251.png	Line	I-ADD
data/img9251.png	3	I-ADD
data/img9251.png	E-mail	B-MAIL
data/img9251.png	Address	I-MAIL
data/img1747.png	Full	B-NAME
data/img1747.png	Name	I-NAME
data/img1747.png	Designation	B-DES
data/img1747.png	Phone	B-PHON
data/img1747.png	Number	I-PHON
data/img1747.png	Company	B-COMP
data/img1747.png	Name	I-COMP
data/img1747.png	Address	B-ADD
data/img1747.png	Line	I-ADD
data/img1747.png	1,	I-ADD
data/img1747.png	Address	I-ADD
data/img1747.png	Line	I-ADD
data/img1747.png	1,	I-ADD
data/img1747.png	Address	I-ADD
data/img1747.png	Address	I-ADD
data/img1747.png	Line	I-ADD
data/img1747.png	2,	I-ADD
data/img1747.png	Address	I-ADD
data/img1747.png	Line	I-ADD
data/img1747.png	2,	I-ADD
data/img1747.png	Address	I-ADD
data/img1747.png	Line	I-ADD
data/img1747.png	2	I-ADD
data/img1747.png	E-mail	B-MAIL
data/img1747.png	Address	I-MAIL
data/img1747.png	Website	B-WEB
data/img1747.png	Address	I-WEB
data/img8958.png	Full	B-NAME
data/img8958.png	Name	I-NAME
data/img8958.png	Company	B-COMP
data/img8958.png	Name	I-COMP
data/img8958.png	Address	B-ADD
data/img8958.png	Line	I-ADD
data/img8958.png	2,	I-ADD
data/img8958.png	Address	I-ADD
data/img8958.png	Line	I-ADD
data/img8958.png	2,	I-ADD
data/img8958.png	Address	I-ADD
data/img8958.png	Line	I-ADD
data/img8958.png	2	I-ADD
data/img8958.png	E-Mail	B-MAIL
data/img8958.png	Address	I-MAIL
data/img6421.png	Your	B-NAME
data/img6421.png	Name	I-NAME
data/img6421.png	Desigination	B-DES
data/img6421.png	+91-0000000000	B-PHON
data/img6421.png	&	O
data/img6421.png	Your	B-ADD
data/img6421.png	address	I-ADD
data/img6421.png	location	I-ADD
data/img6421.png	9	I-ADD
data/img6421.png	&	O
data/img6421.png	landmark	O
data/img9841.png	Im	O
data/img9841.png	\o	O
data/img9841.png	Your	B-NAME
data/img9841.png	Name	I-NAME
data/img9841.png	Desigination	B-DES
data/img9841.png	+91-0000000000	B-PHON
data/img9841.png	Youmailid@gmail.com	B-MAIL
data/img9841.png	Your	B-ADD
data/img9841.png	address	I-ADD
data/img9841.png	location	I-ADD
data/img9841.png	&	O
data/img9841.png	landmark	I-ADD
data/img8908.png	YOUR	B-NAME
data/img8908.png	NAME	I-NAME
data/img8908.png	123	B-PHON
data/img8908.png	456	I-PHON
data/img8908.png	789	I-PHON
data/img8908.png	example@email.com	B-MAIL
data/img8908.png	www.example.com	B-WEB
data/img1081.png	Company	B-COMP
data/img1081.png	Name	I-COMP
data/img1081.png	Full	B-NAME
data/img1081.png	Name	I-NAME
data/img1081.png	Designation	B-DES
data/img1081.png	Phone	B-PHON
data/img1081.png	Number	I-PHON
data/img1081.png	Address	B-ADD
data/img1081.png	Line	I-ADD
data/img1081.png	2,	I-ADD
data/img1081.png	Address	I-ADD
data/img1081.png	Line	I-ADD
data/img1081.png	2,	I-ADD
data/img1081.png	Address	I-ADD
data/img1081.png	Lin:	I-ADD
data/img1081.png	E-mail	B-MAIL
data/img1081.png	Address	I-MAIL
data/img1081.png	Website	B-WEB
data/img1081.png	Address	I-WEB
data/img4213.png	Full	B-NAME
data/img4213.png	Name	I-NAME
data/img4213.png	Phone	B-PHON
data/img4213.png	Number	I-PHON
data/img4213.png	Address	B-ADD
data/img4213.png	Line	I-ADD
data/img4213.png	2,	I-ADD
data/img4213.png	Address	I-ADD
data/img4213.png	Line	I-ADD
data/img4213.png	2,	I-ADD
data/img4213.png	Address	I-ADD
data/img4213.png	Line	I-ADD
data/img4213.png	2	I-ADD
data/img4213.png	E-mail	B-MAIL
data/img4213.png	Address	I-MAIL
data/img4213.png	Website	B-WEB
data/img4213.png	Address	I-WEB
data/img6489.png	Full	B-NAME
data/img6489.png	N	I-NAME
data/img6489.png	company	B-COMP
data/img6489.png	Name	I-COMP
data/img6489.png	Phone	B-PHON
data/img6489.png	Number	I-PHON
data/img6489.png	Address	B-ADD
data/img6489.png	Line	I-ADD
data/img6489.png	1,	I-ADD
data/img6489.png	Address	I-ADD
data/img6489.png	Line	I-ADD
data/img6489.png	1	I-ADD
data/img6489.png	Address	I-ADD
data/img6489.png	Line	I-ADD
data/img6489.png	2,	I-ADD
data/img6489.png	Address	I-ADD
data/img6489.png	Line	I-ADD
data/img6489.png	2	I-ADD
data/img6489.png	E-mail	B-MAIL
data/img6489.png	Address	I-MAIL
data/img6489.png	Website	B-WEB
data/img6489.png	Address	I-WEB
data/img7754.png	Full	B-NAME
data/img7754.png	Name	I-NAME
data/img7754.png	Designation	B-DES
data/img7754.png	Phone	B-PHON
data/img7754.png	Number	I-PHON
data/img7754.png	Address	B-ADD
data/img7754.png	Line	I-ADD
data/img7754.png	1	I-ADD
data/img7754.png	Address	I-ADD
data/img7754.png	Address	I-ADD
data/img7754.png	Line	I-ADD
data/img7754.png	2	I-ADD
data/img7754.png	Address	I-ADD
data/img7754.png	Line	I-ADD
data/img7754.png	2	I-ADD
data/img7754.png	Email	B-MAIL
data/img7754.png	Address	I-MAIL
data/img6399.png	Full	B-NAME
data/img6399.png	Name	I-NAME
data/img6399.png	Designation	B-DES
data/img6399.png	Phone	B-PHON
data/img6399.png	Number	I-PHON
data/img6399.png	Address	B-ADD
data/img6399.png	Line	I-ADD
data/img6399.png	1,	I-ADD
data/img6399.png	Address	I-ADD
data/img6399.png	Address	I-ADD
data/img6399.png	Line	I-ADD
data/img6399.png	2,	I-ADD
data/img6399.png	Address	I-ADD
data/img6399.png	Line	I-ADD
data/img6399.png	2	I-ADD
data/img6399.png	E-mail	B-MAIL
data/img6399.png	Address	I-MAIL
data/img6399.png	Website	B-WEB
data/img6399.png	Address	I-WEB
data/img4330.png	Full	B-NAME
data/img4330.png	Name	I-NAME
data/img4330.png	Designation	B-DES
data/img4330.png	Phone	B-PHON
data/img4330.png	Number	I-PHON
data/img4330.png	Address	B-ADD
data/img4330.png	Line	I-ADD
data/img4330.png	1,	I-ADD
data/img4330.png	Address	I-ADD
data/img4330.png	Line	I-ADD
data/img4330.png	1,	I-ADD
data/img4330.png	Address	I-ADD
data/img4330.png	Line	I-ADD
data/img4330.png	2,	I-ADD
data/img4330.png	Address	I-ADD
data/img4330.png	Line	I-ADD
data/img4330.png	2,	I-ADD
data/img4330.png	E-Mail	B-MAIL
data/img4330.png	Address	I-MAIL
data/img3492.png	Company	B-COMP
data/img3492.png	Name	I-COMP
data/img3492.png	Full	B-NAME
data/img3492.png	Name	I-NAME
data/img3492.png	Designation	B-DES
data/img3492.png	Address	B-ADD
data/img3492.png	Line	I-ADD
data/img3492.png	1,	I-ADD
data/img3492.png	Address	I-ADD
data/img3492.png	Address	I-ADD
data/img3492.png	Line	I-ADD
data/img3492.png	2,	I-ADD
data/img3492.png	Address	I-ADD
data/img3492.png	Line	I-ADD
data/img3492.png	2	I-ADD
data/img9672.png	Full	I-ADD
data/img9672.png	Name	I-ADD
data/img9672.png	Designation	B-MAIL
data/img9672.png	Phone	I-MAIL
data/img9672.png	Number	O
data/img9672.png	Company	I-COMP
data/img9672.png	Name	B-NAME
data/img9672.png	Address	B-ADD
data/img9672.png	Line	I-ADD
data/img9672.png	1,	I-ADD
data/img9672.png	Address	I-ADD
data/img9672.png	Address	I-ADD
data/img9672.png	Line	I-ADD
data/img9672.png	1	I-ADD
data/img9672.png	Address	I-ADD
data/img9672.png	Line	I-ADD
data/img9672.png	2,	I-ADD
data/img9672.png	Address	I-ADD
data/img9672.png	Line	I-ADD
data/img9672.png	2,	I-ADD
data/img9672.png	Address	I-ADD
data/img9672.png	Line	I-ADD
data/img9672.png	2	I-ADD
data/img9672.png	E-mail	B-MAIL
data/img9672.png	Address	I-MAIL
data/img2117.png	Line	I-ADD
data/img2117.png	1	I-ADD
data/img2117.png	Address	I-ADD
data/img2117.png	Line	I-ADD
data/img2117.png	1	I-ADD
data/img2117.png	Address	I-ADD
data/img2117.png	Line	I-ADD
data/img2117.png	2,	I-ADD
data/img2117.png	Address	I-ADD
data/img2117.png	Line	I-ADD
data/img2117.png	2	I-ADD
data/img2117.png	E-mail	B-MAIL
data/img2117.png	Address	I-MAIL
data/img2117.png	sbsite	B-WEB
data/img2117.png	Addre	I-WEB
data/img8485.png	Company	B-COMP
data/img8485.png	Name	I-COMP
data/img8485.png	Address	B-ADD
data/img8485.png	Line	I-ADD
data/img8485.png	1,	I-ADD
data/img8485.png	Address	I-ADD
data/img8485.png	Line	I-ADD
data/img8485.png	1,	I-ADD
data/img8485.png	Address	I-ADD
data/img8485.png	Line	I-ADD
data/img8485.png	1	I-ADD
data/img8485.png	Address	I-ADD
data/img8485.png	Line	I-ADD
data/img8485.png	2,	I-ADD
data/img8485.png	Address	I-ADD
data/img8485.png	Line	I-ADD
data/img8485.png	2,	I-ADD
data/img8485.png	Address	I-ADD
data/img8485.png	Line	I-ADD
data/img8485.png	2	I-ADD
data/img8485.png	E-Mail	B-MAIL
data/img8485.png	Address	I-MAIL
data/img4492.png	Full	B-NAME
data/img4492.png	Name	I-NAME
data/img4492.png	Designation	B-DES
data/img4492.png	Phone	B-PHON
data/img4492.png	Number	I-PHON
data/img4492.png	Address	B-ADD
data/img4492.png	Line	I-ADD
data/img4492.png	1,	I-ADD
data/img4492.png	Address	I-ADD
data/img4492.png	Line	I-ADD
data/img4492.png	1	I-ADD
data/img4492.png	Address	I-ADD
data/img4492.png	Line	I-ADD
data/img4492.png	2,	I-ADD
data/img4492.png	Address	I-ADD
data/img4492.png	Line	I-ADD
data/img4492.png	2	I-ADD
data/img4492.png	E-mail	B-MAIL
data/img4492.png	Address	I-MAIL
data/img4492.png	Website	B-WEB
data/img4492.png	Address	I-WEB
data/img4492.png	Company	B-NAME
data/img4492.png	Name	I-NAME
data/img2432.png	Company	B-COMP
data/img2432.png	Name	I-COMP
data/img2432.png	Full	B-NAME
data/img2432.png	Name	I-NAME
data/img2432.png	Designation	B-DES
data/img2432.png	Phone	B-PHON
data/img2432.png	Number	I-PHON
data/img2432.png	Address	B-ADD
data/img2432.png	Line	I-ADD
data/img2432.png	1,	I-ADD
data/img2432.png	Address	I-ADD
data/img2432.png	Line	I-ADD
data/img2432.png	1	I-ADD
data/img2432.png	ress	I-ADD
data/img2432.png	Line	I-ADD
data/img2432.png	2,	I-ADD
data/img2432.png	Address	I-ADD
data/img2432.png	Line	I-ADD
data/img2432.png	2	I-ADD
data/img2432.png	E-mail	B-MAIL
data/img2432.png	Address	I-MAIL
data/img2432.png	Website	B-WEB
data/img2432.png	Address	I-WEB
data/img7177.png	Full	B-NAME
data/img7177.png	Name	I-NAME
data/img7177.png	Designation	B-DES
data/img7177.png	Phone	B-PHON
data/img7177.png	Number	I-PHON
data/img7177.png	Address	I-ADD
data/img7177.png	Line	I-ADD
data/img7177.png	1,	I-ADD
data/img7177.png	Address	I-ADD
data/img7177.png	Line	I-ADD
data/img7177.png	1	I-ADD
data/img7177.png	Address	I-ADD
data/img7177.png	Line	I-ADD
data/img7177.png	2,	I-ADD
data/img7177.png	Address	I-ADD
data/img7177.png	Line	I-ADD
data/img7177.png	2	I-ADD
data/img7177.png	E-mail	B-MAIL
data/img7177.png	Address	I-MAIL
data/img4369.png	Company	B-COMP
data/img4369.png	Name	I-COMP
data/img4369.png	Phone	B-PHON
data/img4369.png	Number	I-PHON
data/img4369.png	Address	B-ADD
data/img4369.png	Line	I-ADD
data/img4369.png	1,	I-ADD
data/img4369.png	Address	I-ADD
data/img4369.png	Line	I-ADD
data/img4369.png	1	I-ADD
data/img4369.png	Address	I-ADD
data/img4369.png	Line	I-ADD
data/img4369.png	2,	I-ADD
data/img4369.png	Address	I-ADD
data/img4369.png	Line	I-ADD
data/img4369.png	2	I-ADD
data/img4369.png	E-mail	B-MAIL
data/img4369.png	Address	I-MAIL
data/img9608.png	Full	B-NAME
data/img9608.png	Name	I-NAME
data/img9608.png	Designation	B-DES
data/img9608.png	Phone	B-PHON
data/img9608.png	Number	I-PHON
data/img9608.png	Company	B-COMP
data/img9608.png	Name	I-COMP
data/img9608.png	Address	B-ADD
data/img9608.png	Line	I-ADD
data/img9608.png	1,	I-ADD
data/img9608.png	Address	I-ADD
data/img9608.png	Line	I-ADD
data/img9608.png	1	I-ADD
data/img9608.png	Address	I-ADD
data/img9608.png	Line	I-ADD
data/img9608.png	1,	I-ADD
data/img9608.png	Address	I-ADD
data/img9608.png	Line	I-ADD
data/img9608.png	1	I-ADD
data/img9608.png	Address	I-ADD
data/img9608.png	Line	I-ADD
data/img9608.png	2,	I-ADD
data/img9608.png	Address	I-ADD
data/img9608.png	Line	I-ADD
data/img9608.png	2	I-ADD
data/img9608.png	Address	I-ADD
data/img9608.png	Line	I-ADD
data/img9608.png	2,	I-ADD
data/img9608.png	Address	I-ADD
data/img9608.png	Line	I-ADD
data/img9608.png	2	I-ADD
data/img9608.png	E-mail	B-MAIL
data/img9608.png	Address	I-MAIL
data/img1208.png	Address	B-ADD
data/img1208.png	Line	I-ADD
data/img1208.png	1,	I-ADD
data/img1208.png	Address	I-ADD
data/img1208.png	Line	I-ADD
data/img1208.png	1	I-ADD
data/img1208.png	Address	I-ADD
data/img1208.png	Line	I-ADD
data/img1208.png	1,	I-ADD
data/img1208.png	Address	I-ADD
data/img1208.png	Line	I-ADD
data/img1208.png	1	I-ADD
data/img1208.png	Address	I-ADD
data/img1208.png	Line	I-ADD
data/img1208.png	2,	I-ADD
data/img1208.png	Address	I-ADD
data/img1208.png	Line	I-ADD
data/img1208.png	2	I-ADD
data/img1208.png	Address	I-ADD
data/img1208.png	Line	I-ADD
data/img1208.png	2	I-ADD
data/img1208.png	Address	I-ADD
data/img1208.png	Line	I-ADD
data/img1208.png	2	I-ADD
data/img939.png	Full	B-NAME
data/img939.png	Name	I-NAME
data/img939.png	Designation	B-DES
data/img939.png	Phone	B-PHON
data/img939.png	Number	I-PHON
data/img939.png	Address	B-ADD
data/img939.png	Line	I-ADD
data/img939.png	1,	I-ADD
data/img939.png	Address	I-ADD
data/img939.png	Line	I-ADD
data/img939.png	1,	I-ADD
data/img939.png	Address	I-ADD
data/img939.png	Line	I-ADD
data/img939.png	1	I-ADD
data/img939.png	Address	I-ADD
data/img939.png	Line	I-ADD
data/img939.png	2,	I-ADD
data/img939.png	Address	I-ADD
data/img939.png	Line	I-ADD
data/img939.png	2,	I-ADD
data/img939.png	Address	I-ADD
data/img939.png	Line	I-ADD
data/img939.png	2	I-ADD
data/img939.png	E-Mail	B-MAIL
data/img939.png	Address	I-MAIL
data/img4181.png	Your	B-NAME
data/img4181.png	Name	I-NAME
data/img4181.png	Agent	B-NAME
data/img4181.png	Code	I-NAME
data/img4181.png	0	O
data/img9428.png	Full	B-NAME
data/img9428.png	Name	I-NAME
data/img9428.png	Designation	B-DES
data/img9428.png	Phone	B-PHON
data/img9428.png	Number	I-PHON
data/img9428.png	Address	B-ADD
data/img9428.png	Line	I-ADD
data/img9428.png	1,	I-ADD
data/img9428.png	Address	I-ADD
data/img9428.png	Line	I-ADD
data/img9428.png	1,	I-ADD
data/img9428.png	Address	I-ADD
data/img9428.png	Line	I-ADD
data/img9428.png	1	I-ADD
data/img9428.png	Address	I-ADD
data/img9428.png	Line	I-ADD
data/img9428.png	2,	I-ADD
data/img9428.png	Address	I-ADD
data/img9428.png	Line	I-ADD
data/img9428.png	2,	I-ADD
data/img9428.png	Address	I-ADD
data/img9428.png	Line	I-ADD
data/img9428.png	2	I-ADD
data/img9428.png	E-Mail	B-MAIL
data/img9428.png	Address	I-MAIL
data/img2378.png	Full	B-NAME
data/img2378.png	Name	I-NAME
data/img2378.png	Designation	B-DES
data/img2378.png	Phone	B-PHON
data/img2378.png	Number	I-PHON
data/img2378.png	ress	B-ADD
data/img2378.png	Line	I-ADD
data/img2378.png	1,	I-ADD
data/img2378.png	Address	I-ADD
data/img2378.png	Line	I-ADD
data/img2378.png	1,	I-ADD
data/img2378.png	Address	I-ADD
data/img2378.png	Line	I-ADD
data/img2378.png	1	I-ADD
data/img2378.png	ddress	I-ADD
data/img2378.png	2,	I-ADD
data/img2378.png	Address	I-ADD
data/img2378.png	Line	I-ADD
data/img2378.png	2,	I-ADD
data/img2378.png	Address	I-ADD
data/img2378.png	Line	I-ADD
data/img2378.png	2	I-ADD
data/img2378.png	E-mail	B-MAIL
data/img2378.png	Address	I-MAIL
data/img6552.png	Full	B-NAME
data/img6552.png	Name	I-NAME
data/img6552.png	Designation	B-DES
data/img6552.png	Phone	B-PHON
data/img6552.png	Number	I-PHON
data/img6552.png	Company	B-COMP
data/img6552.png	Name	I-COMP
data/img6552.png	Address	B-ADD
data/img6552.png	Line	I-ADD
data/img6552.png	1,	I-ADD
data/img6552.png	Address	I-ADD
data/img6552.png	Line	I-ADD
data/img6552.png	1	I-ADD
data/img6552.png	ss	I-ADD
data/img6552.png	Line	I-ADD
data/img6552.png	2,	I-ADD
data/img6552.png	Address	I-ADD
data/img6552.png	Line	I-ADD
data/img6552.png	2,	I-ADD
data/img6552.png	Address	I-ADD
data/img6552.png	Line	I-ADD
data/img6552.png	2	I-ADD
data/img6552.png	E-mail	B-MAIL
data/img6552.png	Address	I-MAIL
data/img3340.png	Company	B-COMP
data/img3340.png	Name	I-COMP
data/img3340.png	Full	B-NAME
data/img3340.png	Name	I-NAME
data/img3340.png	Designation	B-DES
data/img3340.png	Phone	B-PHON
data/img3340.png	Number	I-PHON
data/img3340.png	Address	B-ADD
data/img3340.png	Line	I-ADD
data/img3340.png	1,	I-ADD
data/img3340.png	Address	I-ADD
data/img3340.png	Line	I-ADD
data/img3340.png	1	I-ADD
data/img3340.png	Address	I-ADD
data/img3340.png	Line	I-ADD
data/img3340.png	2,	I-ADD
data/img3340.png	Address	I-ADD
data/img3340.png	Line	I-ADD
data/img3340.png	2	I-ADD
data/img3340.png	E-mail	B-MAIL
data/img3340.png	Address	I-MAIL
data/img3340.png	Website	B-WEB
data/img3340.png	Address	I-WEB
data/img308.png	Your	B-NAME
data/img308.png	Name	I-NAME
data/img308.png	jhsb	O
data/img308.png	+91-0000000000	B-PHON
data/img308.png	9	O
data/img308.png	your	B-ADD
data/img308.png	address	I-ADD
data/img308.png	location	I-ADD
data/img308.png	landmark	I-ADD
data/img7878.png	Company	B-COMP
data/img7878.png	Name	I-COMP
data/img7878.png	Full	B-NAME
data/img7878.png	Name	I-NAME
data/img7878.png	Designation	B-DES
data/img7878.png	Phone	B-PHON
data/img7878.png	Number	I-PHON
data/img7878.png	Address	B-ADD
data/img7878.png	Line	I-ADD
data/img7878.png	1,	I-ADD
data/img7878.png	Address	I-ADD
data/img7878.png	Address	I-ADD
data/img7878.png	Line	I-ADD
data/img7878.png	2	I-ADD
data/img7878.png	Address	I-ADD
data/img7878.png	Line	I-ADD
data/img7878.png	2	I-ADD
data/img7878.png	E-mail	B-MAIL
data/img7878.png	Address	I-MAIL
data/img7878.png	Website	B-WEB
data/img7878.png	Address	I-WEB
data/img3985.png	Designation	B-DES
data/img3985.png	Phone	B-PHON
data/img3985.png	Number	I-PHON
data/img3985.png	Company	B-COMP
data/img3985.png	Name	I-COMP
data/img3985.png	Address	B-ADD
data/img3985.png	Address	I-ADD
data/img3985.png	Line	I-ADD
data/img3985.png	1,	I-ADD
data/img3985.png	Address	I-ADD
data/img3985.png	Address	I-ADD
data/img3985.png	Line	I-ADD
data/img3985.png	2,	I-ADD
data/img3985.png	Address	I-ADD
data/img3985.png	Line	I-ADD
data/img3985.png	2,	I-ADD
data/img3985.png	Address	I-ADD
data/img3985.png	Line	I-ADD
data/img3985.png	2	I-ADD
data/img3985.png	E-mail	B-MAIL
data/img3985.png	Address	I-MAIL
data/img454.png	Your	B-NAME
data/img454.png	Name	I-NAME
data/img454.png	Designation	B-DES
data/img454.png	+91-0000000000	B-PHON
data/img454.png	yourmailid@gmail.com	B-MAIL
data/img454.png	your	B-ADD
data/img454.png	address	I-ADD
data/img454.png	location	I-ADD
data/img454.png	landmark	I-ADD
data/img458.png	Full	B-NAME
data/img458.png	Name	I-NAME
data/img458.png	Designation	B-DES
data/img458.png	Phone	B-PHON
data/img458.png	Number	I-PHON
data/img458.png	Address	B-ADD
data/img458.png	Line	B-ADD
data/img458.png	1,	I-ADD
data/img458.png	Address	I-ADD
data/img458.png	Address	I-ADD
data/img458.png	Address	I-ADD
data/img458.png	Line	I-ADD
data/img458.png	2,	I-ADD
data/img458.png	Address	I-ADD
data/img458.png	Line	I-ADD
data/img458.png	2,	I-ADD
data/img458.png	Address	I-ADD
data/img458.png	Line	I-ADD
data/img458.png	2	I-ADD
data/img458.png	E-mail	B-MAIL
data/img458.png	Address	I-MAIL
data/img458.png	Website	B-WEB
data/img458.png	Address	I-COMP
data/img6040.png	Company	B-COMP
data/img6040.png	Name	I-COMP
data/img6040.png	ee	O
data/img6040.png	Full	B-NAME
data/img6040.png	Name	I-NAME
data/img6040.png	Designation	B-DES
data/img6040.png	eee	O
data/img6040.png	eu	O
data/img6040.png	Phone	B-PHON
data/img6040.png	Number	I-PHON
data/img6040.png	e	O
data/img6040.png	Address	B-ADD
data/img6040.png	Line	I-ADD
data/img6040.png	1,	I-ADD
data/img6040.png	Address	I-ADD
data/img6040.png	Address	I-ADD
data/img6040.png	Line	I-ADD
data/img6040.png	2,	I-ADD
data/img6040.png	Address	I-ADD
data/img6040.png	Line	I-ADD
data/img6040.png	2	I-ADD
data/img6040.png	E-mail	B-MAIL
data/img6040.png	Address	I-MAIL
data/img6040.png	Website	B-WEB
data/img6040.png	Address	I-WEB
data/img1010.png	Designation	B-DES
data/img1010.png	Company	B-COMP
data/img1010.png	Name	I-COMP
data/img1010.png	Address	B-ADD
data/img1010.png	Line	I-ADD
data/img1010.png	1,	I-ADD
data/img1010.png	Address	I-ADD
data/img1010.png	Address	I-ADD
data/img1010.png	Line	I-ADD
data/img1010.png	2,	I-ADD
data/img1010.png	Address	I-ADD
data/img1010.png	Line	I-ADD
data/img1010.png	2	I-ADD
data/img1010.png	E-mail	B-MAIL
data/img1010.png	Address	I-MAIL
data/img9105.png	Full	B-NAME
data/img9105.png	Name	I-NAME
data/img9105.png	Designation	B-DES
data/img9105.png	Phone	B-PHON
data/img9105.png	Number	I-PHON
data/img9105.png	Company	B-COMP
data/img9105.png	Name	I-COMP
data/img9105.png	Address	B-ADD
data/img9105.png	Line	I-ADD
data/img9105.png	1,	I-ADD
data/img9105.png	Address	I-ADD
data/img9105.png	Line	I-ADD
data/img9105.png	1,	I-ADD
data/img9105.png	Address	I-ADD
data/img9105.png	Line	I-ADD
data/img9105.png	1	I-ADD
data/img9105.png	Address	I-ADD
data/img9105.png	Line	I-ADD
data/img9105.png	2,	I-ADD
data/img9105.png	Address	I-ADD
data/img9105.png	Line	I-ADD
data/img9105.png	2,	I-ADD
data/img9105.png	Address	I-ADD
data/img9105.png	Line	I-ADD
data/img9105.png	2	I-ADD
data/img9105.png	E-Mail	B-MAIL
data/img9105.png	Address	I-MAIL
data/img2925.png	Full	B-NAME
data/img2925.png	Name	I-NAME
data/img2925.png	Designation	B-DES
data/img2925.png	Phone	B-PHON
data/img2925.png	Number	I-PHON
data/img2925.png	Address	B-ADD
data/img2925.png	Line	I-ADD
data/img2925.png	2	I-ADD
data/img2925.png	Address	I-ADD
data/img2925.png	Line	I-ADD
data/img2925.png	2	I-ADD
data/img2925.png	Address	I-ADD
data/img2925.png	Email	B-MAIL
data/img2925.png	Address	I-MAIL
data/img8370.png	Full	B-NAME
data/img8370.png	Nam	I-NAME
data/img8370.png	Designati	B-DES
data/img8370.png	Company	B-COMP
data/img8370.png	Name	I-COMP
data/img8370.png	Phone	B-PHON
data/img8370.png	Numbler	I-PHON
data/img8370.png	Address	B-ADD
data/img8370.png	Line	I-ADD
data/img8370.png	1	I-ADD
data/img8370.png	Address-Line	I-ADD
data/img8370.png	2,	I-ADD
data/img8370.png	Address	I-ADD
data/img8370.png	Line	I-ADD
data/img8370.png	2,	I-ADD
data/img8370.png	Address	I-ADD
data/img8370.png	Line	I-ADD
data/img8370.png	2	I-ADD
data/img8370.png	E-mail	B-MAIL
data/img8370.png	Address	I-MAIL
data/img8370.png	Website	B-WEB
data/img8370.png	Address	B-ADD
data/img9550.png	Full	B-NAME
data/img9550.png	Name	I-NAME
data/img9550.png	Designation	B-DES
data/img9550.png	Phone	B-PHON
data/img9550.png	Number	I-PHON
data/img9550.png	Company	B-COMP
data/img9550.png	Name	I-COMP
data/img9550.png	Address	B-ADD
data/img9550.png	Line	I-ADD
data/img9550.png	1,	I-ADD
data/img9550.png	Address	I-ADD
data/img9550.png	Line	I-ADD
data/img9550.png	1	I-ADD
data/img9550.png	Address	I-ADD
data/img9550.png	Line	I-ADD
data/img9550.png	2,	I-ADD
data/img9550.png	Address	I-ADD
data/img9550.png	Line	I-ADD
data/img9550.png	2	I-ADD
data/img9550.png	E-mail	B-MAIL
data/img9550.png	Address	I-MAIL
data/img9550.png	Website	B-WEB
data/img9550.png	Address	I-WEB
data/img3345.png	Phone	B-PHON
data/img3345.png	Number	I-PHON
data/img3345.png	Company	B-COMP
data/img3345.png	Name	I-COMP
data/img3345.png	Address	B-ADD
data/img3345.png	Line	I-ADD
data/img3345.png	1,	I-ADD
data/img3345.png	Address	I-ADD
data/img3345.png	Line	I-ADD
data/img3345.png	1,	I-ADD
data/img3345.png	Address	I-ADD
data/img3345.png	Address	I-ADD
data/img3345.png	Line	I-ADD
data/img3345.png	2,	I-ADD
data/img3345.png	Address	I-ADD
data/img3345.png	Line	I-ADD
data/img3345.png	2,	I-ADD
data/img3345.png	Address	I-ADD
data/img3345.png	E-mail	B-MAIL
data/img3345.png	Address	I-MAIL
data/img3345.png	Website	B-WEB
data/img3345.png	Address	I-WEB
data/img4768.png	Full	B-NAME
data/img4768.png	Name	I-NAME
data/img4768.png	Number,	B-PHON
data/img4768.png	Address	B-ADD
data/img4768.png	Address	I-ADD
data/img4768.png	Line	I-ADD
data/img4768.png	1_	I-ADD
data/img4768.png	Address	I-ADD
data/img4768.png	Line	I-ADD
data/img4768.png	2,	I-ADD
data/img4768.png	Address	I-ADD
data/img4768.png	E-mail	B-MAIL
data/img4768.png	Address	I-MAIL
data/img4768.png	Website	B-WEB
data/img8243.png	Full	B-NAME
data/img8243.png	Name	I-NAME
data/img8243.png	Designation	B-DES
data/img8243.png	Phone	B-PHON
data/img8243.png	Number	I-PHON
data/img8243.png	Company	B-COMP
data/img8243.png	Name	I-COMP
data/img8243.png	Address	B-ADD
data/img8243.png	Line	I-ADD
data/img8243.png	1,	I-ADD
data/img8243.png	Address	I-ADD
data/img8243.png	Address	I-ADD
data/img8243.png	Address	I-ADD
data/img8243.png	Line	I-ADD
data/img8243.png	2,	I-ADD
data/img8243.png	Address	I-ADD
data/img8243.png	Line	I-ADD
data/img8243.png	2,	I-ADD
data/img8243.png	Address	I-ADD
data/img8243.png	Line	I-ADD
data/img8243.png	2	I-ADD
data/img1487.png	Full	B-NAME
data/img1487.png	Name	I-NAME
data/img1487.png	Designation	B-DES
data/img1487.png	Phone	B-PHON
data/img1487.png	Number	I-PHON
data/img1487.png	Company	B-COMP
data/img1487.png	Name	I-COMP
data/img1487.png	Address	B-ADD
data/img1487.png	Line	I-ADD
data/img1487.png	1,	I-ADD
data/img1487.png	Address	I-ADD
data/img1487.png	Line	I-ADD
data/img1487.png	1	I-ADD
data/img1487.png	Address	I-ADD
data/img1487.png	Line	I-ADD
data/img1487.png	2,	I-ADD
data/img1487.png	Address	I-ADD
data/img1487.png	Line	I-ADD
data/img1487.png	2	I-ADD
data/img1487.png	E-mail	B-MAIL
data/img1487.png	Address	I-MAIL
data/img1487.png	Website	B-WEB
data/img1487.png	Address	I-WEB
data/img6143.png	Full	B-NAME
data/img6143.png	Name	I-NAME
data/img6143.png	Designation	B-DES
data/img6143.png	Phone	B-PHON
data/img6143.png	Number	I-PHON
data/img6143.png	Address	B-ADD
data/img6143.png	Line	I-ADD
data/img6143.png	1	I-ADD
data/img6143.png	Address	I-ADD
data/img6143.png	Line	I-ADD
data/img6143.png	Address	I-ADD
data/img6143.png	Line	I-ADD
data/img6143.png	2	I-ADD
data/img6143.png	Address	I-ADD
data/img6143.png	Line	I-ADD
data/img6143.png	2	I-ADD
data/img6143.png	Email	B-MAIL
data/img6143.png	Address	I-MAIL
data/img5172.png	Full	B-NAME
data/img5172.png	Name	I-NAME
data/img5172.png	Designation	B-DES
data/img5172.png	Phone	B-PHON
data/img5172.png	Number	I-PHON
data/img5172.png	Company	B-COMP
data/img5172.png	Name	I-COMP
data/img5172.png	Address	B-ADD
data/img5172.png	Line	I-ADD
data/img5172.png	1,	I-ADD
data/img5172.png	Address	I-ADD
data/img5172.png	Line	I-ADD
data/img5172.png	1,	I-ADD
data/img5172.png	Address	I-ADD
data/img5172.png	Line	I-ADD
data/img5172.png	1	I-ADD
data/img5172.png	Address	I-ADD
data/img5172.png	Line	I-ADD
data/img5172.png	2,	I-ADD
data/img5172.png	Address	I-ADD
data/img5172.png	Line	I-ADD
data/img5172.png	2,	I-ADD
data/img5172.png	Address	I-ADD
data/img5172.png	Line	I-ADD
data/img5172.png	2	I-ADD
data/img5172.png	E-Mail	B-MAIL
data/img5172.png	Address	I-MAIL
data/img5588.png	Company	B-COMP
data/img5588.png	Name	I-COMP
data/img5588.png	Full	B-NAME
data/img5588.png	Name	I-NAME
data/img5588.png	Designation	B-DES
data/img5588.png	Phone	B-PHON
data/img5588.png	Number	I-PHON
data/img5588.png	Address	B-ADD
data/img5588.png	Line	I-ADD
data/img5588.png	1	I-ADD
data/img5588.png	Address	I-ADD
data/img5588.png	Line	I-ADD
data/img5588.png	1	I-ADD
data/img5588.png	Address	I-ADD
data/img5588.png	Line	I-ADD
data/img5588.png	1	I-ADD
data/img5588.png	Address	I-ADD
data/img5588.png	Line	I-ADD
data/img5588.png	1	I-ADD
data/img5588.png	Address	I-ADD
data/img5588.png	Line	I-ADD
data/img5588.png	2	I-ADD
data/img5588.png	Address	I-ADD
data/img5588.png	Line	I-ADD
data/img5588.png	2	I-ADD
data/img5588.png	Address	I-ADD
data/img5588.png	Line	I-ADD
data/img5588.png	2	I-ADD
data/img5588.png	Address	I-ADD
data/img5588.png	Line	I-ADD
data/img5588.png	2	I-ADD
data/img5588.png	Email	B-MAIL
data/img5588.png	Address	I-MAIL
data/img8125.png	Full	B-NAME
data/img8125.png	Name	I-NAME
data/img8125.png	m	O
data/img8125.png	Designati	B-DES
data/img8125.png	Co	B-COMP
data/img8125.png	pany	I-COMP
data/img8125.png	Name	I-COMP
data/img8125.png	Phone	B-PHON
data/img8125.png	Number	I-PHON
data/img8125.png	Address	B-ADD
data/img8125.png	Line	I-ADD
data/img8125.png	Address	I-ADD
data/img8125.png	Line	I-ADD
data/img8125.png	1,	I-ADD
data/img8125.png	Address	I-ADD
data/img8125.png	Line	I-ADD
data/img8125.png	Address	I-ADD
data/img8125.png	Line	I-ADD
data/img8125.png	2,	I-ADD
data/img8125.png	Address	I-ADD
data/img8125.png	Line	I-ADD
data/img8125.png	2,	I-ADD
data/img8125.png	Address	I-ADD
data/img8125.png	Line	I-ADD
data/img8125.png	2	I-ADD
data/img8125.png	E-mail	B-MAIL
data/img8125.png	Address	I-MAIL