id,text
data/img9251.png, 
data/img9251.png,Full
data/img9251.png,Name
data/img9251.png,Designation
data/img9251.png,Phone
data/img9251.png,Number
data/img9251.png,Address
data/img9251.png,Line
data/img9251.png,"1,"
data/img9251.png,Address
data/img9251.png,Line
data/img9251.png,1
data/img9251.png,Address
data/img9251.png,Line
data/img9251.png,"2,"
data/img9251.png,Address
data/img9251.png,Line
data/img9251.png,2
data/img9251.png,Address
data/img9251.png,Line
data/img9251.png,"3,"
data/img9251.png,Address
data/img9251.png,Line
data/img9251.png,3
data/img9251.png,E-mail
data/img9251.png,Address
data/img1747.png,Full
data/img1747.png,Name
data/img1747.png,Designation
data/img1747.png,Phone
data/img1747.png,Number
data/img1747.png,Company
data/img1747.png,Name
data/img1747.png,Address
data/img1747.png,Line
data/img1747.png,"1,"
data/img1747.png,Address
data/img1747.png,Line
data/img1747.png,"1,"
data/img1747.png,Address
data/img1747.png,Address
data/img1747.png,Line
data/img1747.png,"2,"
data/img1747.png,Address
data/img1747.png,Line
data/img1747.png,"2,"
data/img1747.png,Address
data/img1747.png,Line
data/img1747.png,2
data/img1747.png,E-mail
data/img1747.png,Address
data/img1747.png,Website
data/img1747.png,Address
data/img1747.png, 
data/img8958.png,Full
data/img8958.png,Name
data/img8958.png,Company
data/img8958.png,Name
data/img8958.png, 
data/img8958.png,Address
data/img8958.png,Line
data/img8958.png,"2,"
data/img8958.png,Address
data/img8958.png,Line
data/img8958.png,"2,"
data/img8958.png,Address
data/img8958.png,Line
data/img8958.png,2
data/img8958.png, 
data/img8958.png,E-Mail
data/img8958.png,Address
data/img6421.png,Your
data/img6421.png,Name
data/img6421.png,Desigination
data/img6421.png,+91-0000000000
data/img6421.png,&
data/img6421.png,Your
data/img6421.png,address
data/img6421.png,location
data/img6421.png,9
data/img6421.png,&
data/img6421.png,landmark
data/img9841.png,Im
data/img9841.png,\o
data/img9841.png,Your
data/img9841.png,Name
data/img9841.png,Desigination
data/img9841.png,+91-0000000000
data/img9841.png,Youmailid@gmail.com
data/img9841.png,Your
data/img9841.png,address
data/img9841.png,location
data/img9841.png,&
data/img9841.png,landmark
data/img8908.png,YOUR
data/img8908.png,NAME
data/img8908.png,0123
data/img8908.png,456
data/img8908.png,789
data/img8908.png,   
data/img8908.png,example@email.com
data/img8908.png,www.example.com
data/img1081.png,Company
data/img1081.png,Name
data/img1081.png,Full
data/img1081.png,Name
data/img1081.png,Designation
data/img1081.png,Phone
data/img1081.png,Number
data/img1081.png,Address
data/img1081.png,Line
data/img1081.png,"2,"
data/img1081.png,Address
data/img1081.png,Line
data/img1081.png,"2,"
data/img1081.png,Address
data/img1081.png,Lin:
data/img1081.png,E-mail
data/img1081.png,Address
data/img1081.png,Website
data/img1081.png,Address
data/img1081.png, 
data/img4213.png,Full
data/img4213.png,Name
data/img4213.png,Phone
data/img4213.png,Number
data/img4213.png,     
data/img4213.png,Address
data/img4213.png,Line
data/img4213.png,"2,"
data/img4213.png,Address
data/img4213.png,Line
data/img4213.png,"2,"
data/img4213.png,Address
data/img4213.png,Line
data/img4213.png,2
data/img4213.png,E-mail
data/img4213.png,Address
data/img4213.png,Website
data/img4213.png,Address
data/img6489.png,Full
data/img6489.png,N
data/img6489.png,company
data/img6489.png,Name
data/img6489.png,Phone
data/img6489.png,Number
data/img6489.png,Address
data/img6489.png,Line
data/img6489.png,"1,"
data/img6489.png,Address
data/img6489.png,Line
data/img6489.png,1
data/img6489.png,Address
data/img6489.png,Line
data/img6489.png,"2,"
data/img6489.png,Address
data/img6489.png,Line
data/img6489.png,2
data/img6489.png,E-mail
data/img6489.png,Address
data/img6489.png,Website
data/img6489.png,Address
data/img6489.png,    
data/img7754.png,Full
data/img7754.png,Name
data/img7754.png,Designation
data/img7754.png,Phone
data/img7754.png,Number
data/img7754.png,   
data/img7754.png,Address
data/img7754.png,Line
data/img7754.png,1
data/img7754.png,Address
data/img7754.png,Address
data/img7754.png,Line
data/img7754.png,2
data/img7754.png,Address
data/img7754.png,Line
data/img7754.png,2
data/img7754.png,Email
data/img7754.png,Address
data/img6399.png,  
data/img6399.png, 
data/img6399.png,Full
data/img6399.png,Name
data/img6399.png,Designation
data/img6399.png,Phone
data/img6399.png,Number
data/img6399.png,Address
data/img6399.png,Line
data/img6399.png,"1,"
data/img6399.png,Address
data/img6399.png,Address
data/img6399.png,Line
data/img6399.png,"2,"
data/img6399.png,Address
data/img6399.png,Line
data/img6399.png,2
data/img6399.png,E-mail
data/img6399.png,Address
data/img6399.png,Website
data/img6399.png,Address
data/img4330.png,Full
data/img4330.png,Name
data/img4330.png,Designation
data/img4330.png,Phone
data/img4330.png,Number
data/img4330.png,Address
data/img4330.png,Line
data/img4330.png,"1,"
data/img4330.png,Address
data/img4330.png,Line
data/img4330.png,"1,"
data/img4330.png,Address
data/img4330.png,Line
data/img4330.png,"2,"
data/img4330.png,Address
data/img4330.png,Line
data/img4330.png,"2,"
data/img4330.png,E-Mail
data/img4330.png,Address
data/img4330.png, 
data/img3492.png,   
data/img3492.png,Company
data/img3492.png,Name
data/img3492.png,Full
data/img3492.png,Name
data/img3492.png,Designation
data/img3492.png,Address
data/img3492.png,Line
data/img3492.png,"1,"
data/img3492.png,Address
data/img3492.png,Address
data/img3492.png,Line
data/img3492.png,"2,"
data/img3492.png,Address
data/img3492.png,Line
data/img3492.png,2
data/img9672.png,  
data/img9672.png,  
data/img9672.png,Full
data/img9672.png,Name
data/img9672.png,Designation
data/img9672.png,Phone
data/img9672.png,Number
data/img9672.png,  
data/img9672.png, 
data/img9672.png,Company
data/img9672.png,Name
data/img9672.png,Address
data/img9672.png,Line
data/img9672.png,"1,"
data/img9672.png,Address
data/img9672.png,Address
data/img9672.png,Line
data/img9672.png,1
data/img9672.png,Address
data/img9672.png,Line
data/img9672.png,"2,"
data/img9672.png,Address
data/img9672.png,Line
data/img9672.png,"2,"
data/img9672.png,Address
data/img9672.png,Line
data/img9672.png,2
data/img9672.png,E-mail
data/img9672.png,Address
data/img9672.png, 
data/img2117.png, 
data/img2117.png,Line
data/img2117.png,1.
data/img2117.png,Address
data/img2117.png,Line
data/img2117.png,1
data/img2117.png,Address
data/img2117.png,Line
data/img2117.png,"2,"
data/img2117.png,Address
data/img2117.png,Line
data/img2117.png,2
data/img2117.png,E-mail
data/img2117.png,Address
data/img2117.png,sbsite
data/img2117.png,Addre
data/img2117.png, 
data/img2117.png,    
data/img8485.png,Company
data/img8485.png,Name
data/img8485.png,Address
data/img8485.png,Line
data/img8485.png,"1,"
data/img8485.png,Address
data/img8485.png,Line
data/img8485.png,"1,"
data/img8485.png,Address
data/img8485.png,Line
data/img8485.png,1
data/img8485.png,Address
data/img8485.png,Line
data/img8485.png,"2,"
data/img8485.png,Address
data/img8485.png,Line
data/img8485.png,"2,"
data/img8485.png,Address
data/img8485.png,Line
data/img8485.png,2
data/img8485.png,E-Mail
data/img8485.png,Address
data/img4492.png,Full
data/img4492.png,Name
data/img4492.png,Designation
data/img4492.png,Phone
data/img4492.png,Number
data/img4492.png,Address
data/img4492.png,Line
data/img4492.png,"1,"
data/img4492.png,Address
data/img4492.png,Line
data/img4492.png,1
data/img4492.png,Address
data/img4492.png,Line
data/img4492.png,"2,"
data/img4492.png,Address
data/img4492.png,Line
data/img4492.png,2
data/img4492.png,E-mail
data/img4492.png,Address
data/img4492.png,Website
data/img4492.png,Address
data/img4492.png, 
data/img4492.png,Company
data/img4492.png,Name
data/img2432.png,Company
data/img2432.png,Name
data/img2432.png,Full
data/img2432.png,Name
data/img2432.png,Designation
data/img2432.png,Phone
data/img2432.png,Number
data/img2432.png,  
data/img2432.png,   
data/img2432.png,  
data/img2432.png,Address
data/img2432.png,Line
data/img2432.png,"1,"
data/img2432.png,Address
data/img2432.png,Line
data/img2432.png,1
data/img2432.png,ress
data/img2432.png,Line
data/img2432.png,"2,"
data/img2432.png,Address
data/img2432.png,Line
data/img2432.png,2
data/img2432.png,E-mail
data/img2432.png,Address
data/img2432.png,Website
data/img2432.png,Address
data/img2432.png, 
data/img7177.png,Full
data/img7177.png,Name
data/img7177.png,Designation
data/img7177.png,Phone
data/img7177.png,Number
data/img7177.png, 
data/img7177.png,Address
data/img7177.png,Line
data/img7177.png,"1,"
data/img7177.png,Address
data/img7177.png,Line
data/img7177.png,1
data/img7177.png,Address
data/img7177.png,Line
data/img7177.png,"2,"
data/img7177.png,Address
data/img7177.png,Line
data/img7177.png,2
data/img7177.png,E-mail
data/img7177.png,Address
data/img4369.png,Company
data/img4369.png,Name
data/img4369.png,Phone
data/img4369.png,Number
data/img4369.png, 
data/img4369.png,Address
data/img4369.png,Line
data/img4369.png,"1,"
data/img4369.png,Address
data/img4369.png,Line
data/img4369.png,1
data/img4369.png,Address
data/img4369.png,Line
data/img4369.png,"2,"
data/img4369.png,Address
data/img4369.png,Line
data/img4369.png,2
data/img4369.png,E-mail
data/img4369.png,Address
data/img9608.png,Full
data/img9608.png,Name
data/img9608.png,Designation
data/img9608.png,Phone
data/img9608.png,Number
data/img9608.png, 
data/img9608.png,Company
data/img9608.png,Name
data/img9608.png,Address
data/img9608.png,Line
data/img9608.png,"1,"
data/img9608.png,Address
data/img9608.png,Line
data/img9608.png,1
data/img9608.png,Address
data/img9608.png,Line
data/img9608.png,"1,"
data/img9608.png,Address
data/img9608.png,Line
data/img9608.png,1
data/img9608.png,Address
data/img9608.png,Line
data/img9608.png,"2,"
data/img9608.png,Address
data/img9608.png,Line
data/img9608.png,2
data/img9608.png,Address
data/img9608.png,Line
data/img9608.png,"2,"
data/img9608.png,Address
data/img9608.png,Line
data/img9608.png,2
data/img9608.png,E-mail
data/img9608.png,Address
data/img9608.png, 
data/img1208.png,Address
data/img1208.png,Line
data/img1208.png,"1,"
data/img1208.png,Address
data/img1208.png,Line
data/img1208.png,1
data/img1208.png,Address
data/img1208.png,Line
data/img1208.png,"1,"
data/img1208.png,Address
data/img1208.png,Line
data/img1208.png,1
data/img1208.png,Address
data/img1208.png,Line
data/img1208.png,"2,"
data/img1208.png,Address
data/img1208.png,Line
data/img1208.png,2
data/img1208.png,Address
data/img1208.png,Line
data/img1208.png,2
data/img1208.png,Address
data/img1208.png,Line
data/img1208.png,2
data/img1208.png,  
data/img939.png,Full
data/img939.png,Name
data/img939.png,Designation
data/img939.png,Phone
data/img939.png,Number
data/img939.png, 
data/img939.png,Address
data/img939.png,Line
data/img939.png,"1,"
data/img939.png,Address
data/img939.png,Line
data/img939.png,"1,"
data/img939.png,Address
data/img939.png,Line
data/img939.png,1
data/img939.png,Address
data/img939.png,Line
data/img939.png,"2,"
data/img939.png,Address
data/img939.png,Line
data/img939.png,"2,"
data/img939.png,Address
data/img939.png,Line
data/img939.png,2
data/img939.png,E-Mail
data/img939.png,Address
data/img4181.png,Your
data/img4181.png,Name
data/img4181.png,Agent
data/img4181.png,Code
data/img4181.png,:
data/img4181.png,00000000
data/img4181.png, 
data/img9428.png,Full
data/img9428.png,Name
data/img9428.png,Designation
data/img9428.png,Phone
data/img9428.png,Number
data/img9428.png, 
data/img9428.png,Address
data/img9428.png,Line
data/img9428.png,"1,"
data/img9428.png,Address
data/img9428.png,Line
data/img9428.png,"1,"
data/img9428.png,Address
data/img9428.png,Line
data/img9428.png,1
data/img9428.png,Address
data/img9428.png,Line
data/img9428.png,"2,"
data/img9428.png,Address
data/img9428.png,Line
data/img9428.png,"2,"
data/img9428.png,Address
data/img9428.png,Line
data/img9428.png,2
data/img9428.png,E-Mail
data/img9428.png,Address
data/img2378.png,Full
data/img2378.png,Name
data/img2378.png,Designation
data/img2378.png,Phone
data/img2378.png,Number
data/img2378.png,  
data/img2378.png,  
data/img2378.png,ress
data/img2378.png,Line
data/img2378.png,"1,"
data/img2378.png,Address
data/img2378.png,Line
data/img2378.png,"1,"
data/img2378.png,Address
data/img2378.png,Line
data/img2378.png,1
data/img2378.png,ddress
data/img2378.png,"2,"
data/img2378.png,Address
data/img2378.png,Line
data/img2378.png,"2,"
data/img2378.png,Address
data/img2378.png,Line
data/img2378.png,2
data/img2378.png,E-mail
data/img2378.png,Address
data/img6552.png,Full
data/img6552.png,Name
data/img6552.png,Designation
data/img6552.png,Phone
data/img6552.png,Number
data/img6552.png,Company
data/img6552.png,Name
data/img6552.png,  
data/img6552.png,  
data/img6552.png,Address
data/img6552.png,Line
data/img6552.png,"1,"
data/img6552.png,Address
data/img6552.png,Line
data/img6552.png,1
data/img6552.png,ss
data/img6552.png,Line
data/img6552.png,"2,"
data/img6552.png,Address
data/img6552.png,Line
data/img6552.png,"2,"
data/img6552.png,Address
data/img6552.png,Line
data/img6552.png,2
data/img6552.png,E-mail
data/img6552.png,Address
data/img3340.png,Company
data/img3340.png,Name
data/img3340.png,Full
data/img3340.png,Name
data/img3340.png,Designation
data/img3340.png,Phone
data/img3340.png,Number
data/img3340.png,Address
data/img3340.png,Line
data/img3340.png,"1,"
data/img3340.png,Address
data/img3340.png,Line
data/img3340.png,1
data/img3340.png,Address
data/img3340.png,Line
data/img3340.png,"2,"
data/img3340.png,Address
data/img3340.png,Line
data/img3340.png,2
data/img3340.png,E-mail
data/img3340.png,Address
data/img3340.png,Website
data/img3340.png,Address
data/img3340.png,   
data/img3340.png,  
data/img3340.png, 
data/img308.png,>
data/img308.png,&
data/img308.png,Your
data/img308.png,Name
data/img308.png,=
data/img308.png,&
data/img308.png,+91-0000000000
data/img308.png, 
data/img308.png,9
data/img308.png,your
data/img308.png,address
data/img308.png,location
data/img308.png,&
data/img308.png,landmark
data/img308.png,  
data/img7878.png,Company
data/img7878.png,Name
data/img7878.png,Full
data/img7878.png,Name
data/img7878.png,Designation
data/img7878.png,Phone
data/img7878.png,Number
data/img7878.png,Address
data/img7878.png,Line
data/img7878.png,"1,"
data/img7878.png,Address
data/img7878.png,Address
data/img7878.png,Line
data/img7878.png,2
data/img7878.png,Address
data/img7878.png,Line
data/img7878.png,2
data/img7878.png,E-mail
data/img7878.png,Address
data/img7878.png,Website
data/img7878.png,Address
data/img7878.png, 
data/img3985.png, 
data/img3985.png,   
data/img3985.png,Designation
data/img3985.png,Phone
data/img3985.png,Number
data/img3985.png,Company
data/img3985.png,Name
data/img3985.png,Address
data/img3985.png,Address
data/img3985.png,Line
data/img3985.png,"1,"
data/img3985.png,Address
data/img3985.png,Address
data/img3985.png,Line
data/img3985.png,"2,"
data/img3985.png,Address
data/img3985.png,Line
data/img3985.png,"2,"
data/img3985.png,Address
data/img3985.png,Line
data/img3985.png,2
data/img3985.png,E-mail
data/img3985.png,Address
data/img454.png,Your
data/img454.png,Name
data/img454.png,Â©
data/img454.png,Designation
data/img454.png,+91-0000000000
data/img454.png,yourmailid@gmail.com
data/img454.png, 
data/img454.png,your
data/img454.png,address
data/img454.png,location
data/img454.png,&
data/img454.png,landmark
data/img458.png,  
data/img458.png,    
data/img458.png,Full
data/img458.png,Name
data/img458.png,Designation
data/img458.png,Phone
data/img458.png,Number
data/img458.png,Address
data/img458.png,Line
data/img458.png,"1,"
data/img458.png,Address
data/img458.png,Address
data/img458.png,Address
data/img458.png,Line
data/img458.png,"2,"
data/img458.png,Address
data/img458.png,Line
data/img458.png,"2,"
data/img458.png,Address
data/img458.png,Line
data/img458.png,2
data/img458.png,E-mail
data/img458.png,Address
data/img458.png,Website
data/img458.png,Address
data/img6040.png,Company
data/img6040.png,Name
data/img6040.png,ee
data/img6040.png,Full
data/img6040.png,Name
data/img6040.png,@e
data/img6040.png,Designation
data/img6040.png,eee
data/img6040.png,eu
data/img6040.png,Phone
data/img6040.png,Number
data/img6040.png,e
data/img6040.png,Address
data/img6040.png,Line
data/img6040.png,"1,"
data/img6040.png,Address
data/img6040.png,Address
data/img6040.png,Line
data/img6040.png,"2,"
data/img6040.png,Address
data/img6040.png,Line
data/img6040.png,2
data/img6040.png,@e
data/img6040.png,E-mail
data/img6040.png,Address
data/img6040.png,Website
data/img6040.png,Address
data/img1010.png, 
data/img1010.png,Designation
data/img1010.png,Company
data/img1010.png,Name
data/img1010.png,Address
data/img1010.png,Line
data/img1010.png,"1,"
data/img1010.png,Address
data/img1010.png,Address
data/img1010.png,Line
data/img1010.png,"2,"
data/img1010.png,Address
data/img1010.png,Line
data/img1010.png,2
data/img1010.png,E-mail
data/img1010.png,Address
data/img9105.png,Full
data/img9105.png,Name
data/img9105.png,Designation
data/img9105.png,Phone
data/img9105.png,Number
data/img9105.png,Company
data/img9105.png,Name
data/img9105.png,Address
data/img9105.png,Line
data/img9105.png,"1,"
data/img9105.png,Address
data/img9105.png,Line
data/img9105.png,"1,"
data/img9105.png,Address
data/img9105.png,Line
data/img9105.png,1
data/img9105.png,Address
data/img9105.png,Line
data/img9105.png,"2,"
data/img9105.png,Address
data/img9105.png,Line
data/img9105.png,"2,"
data/img9105.png,Address
data/img9105.png,Line
data/img9105.png,2
data/img9105.png,E-Mail
data/img9105.png,Address
data/img2925.png,Full
data/img2925.png,Name
data/img2925.png,Designation
data/img2925.png,Phone
data/img2925.png,Number
data/img2925.png, 
data/img2925.png,Address
data/img2925.png,Line
data/img2925.png,2
data/img2925.png,Address
data/img2925.png,Line
data/img2925.png,2
data/img2925.png,Address
data/img2925.png,Email
data/img2925.png,Address
data/img8370.png,Full
data/img8370.png,Nam
data/img8370.png,Designati
data/img8370.png,Company
data/img8370.png,Name
data/img8370.png,Phone
data/img8370.png,Numbler
data/img8370.png,Address
data/img8370.png,Line
data/img8370.png,1
data/img8370.png,Address-Line
data/img8370.png,"2,"
data/img8370.png,Address
data/img8370.png,Line
data/img8370.png,"2,"
data/img8370.png,Address
data/img8370.png,Line
data/img8370.png,2
data/img8370.png,E-mail
data/img8370.png,Address
data/img8370.png,Website
data/img8370.png,Address
data/img8370.png, 
data/img9550.png,Full
data/img9550.png,Name
data/img9550.png,Designation
data/img9550.png,Phone
data/img9550.png,Number
data/img9550.png,Company
data/img9550.png,Name
data/img9550.png, 
data/img9550.png,Address
data/img9550.png,Line
data/img9550.png,"1,"
data/img9550.png,Address
data/img9550.png,Line
data/img9550.png,1
data/img9550.png,Address
data/img9550.png,Line
data/img9550.png,"2,"
data/img9550.png,Address
data/img9550.png,Line
data/img9550.png,2
data/img9550.png,E-mail
data/img9550.png,Address
data/img9550.png,Website
data/img9550.png,Address
data/img3345.png,Phone
data/img3345.png,Number
data/img3345.png,Company
data/img3345.png,Name
data/img3345.png,Address
data/img3345.png,Line
data/img3345.png,"1,"
data/img3345.png,Address
data/img3345.png,Line
data/img3345.png,"1,"
data/img3345.png,Address
data/img3345.png,Address
data/img3345.png,Line
data/img3345.png,"2,"
data/img3345.png,Address
data/img3345.png,Line
data/img3345.png,"2,"
data/img3345.png,Address
data/img3345.png,E-mail
data/img3345.png,Address
data/img3345.png,Website
data/img3345.png,Address
data/img4768.png,\
data/img4768.png,\
data/img4768.png,Full
data/img4768.png,Name
data/img4768.png,"Number,"
data/img4768.png,Address
data/img4768.png,Address
data/img4768.png,Line
data/img4768.png,1_
data/img4768.png,Address
data/img4768.png,Line
data/img4768.png,"2,"
data/img4768.png,Address
data/img4768.png,E-mail
data/img4768.png,Address
data/img4768.png,Website
data/img4768.png,|
data/img4768.png,  
data/img8243.png,Full
data/img8243.png,Name
data/img8243.png,Designation
data/img8243.png,Phone
data/img8243.png,Number
data/img8243.png,Company
data/img8243.png,Name
data/img8243.png,Address
data/img8243.png,Line
data/img8243.png,"1,"
data/img8243.png,Address
data/img8243.png,Address
data/img8243.png,Address
data/img8243.png,Line
data/img8243.png,"2,"
data/img8243.png,Address
data/img8243.png,Line
data/img8243.png,"2,"
data/img8243.png,Address
data/img8243.png,Line
data/img8243.png,2
data/img1487.png, 
data/img1487.png,Full
data/img1487.png,Name
data/img1487.png,Designation
data/img1487.png,Phone
data/img1487.png,Number
data/img1487.png,Company
data/img1487.png,Name
data/img1487.png,Address
data/img1487.png,Line
data/img1487.png,"1,"
data/img1487.png,Address
data/img1487.png,Line
data/img1487.png,1
data/img1487.png,Address
data/img1487.png,Line
data/img1487.png,"2,"
data/img1487.png,Address
data/img1487.png,Line
data/img1487.png,2
data/img1487.png,E-mail
data/img1487.png,Address
data/img1487.png,Website
data/img1487.png,Address
data/img6143.png,Full
data/img6143.png,Name
data/img6143.png,Designation
data/img6143.png,Phone
data/img6143.png,Number
data/img6143.png,  
data/img6143.png, 
data/img6143.png, 
data/img6143.png, 
data/img6143.png, 
data/img6143.png,Address
data/img6143.png,Line
data/img6143.png,1
data/img6143.png,Address
data/img6143.png,Line
data/img6143.png,|
data/img6143.png,Address
data/img6143.png,Line
data/img6143.png,2
data/img6143.png,Address
data/img6143.png,Line
data/img6143.png,2
data/img6143.png,Email
data/img6143.png,Address
data/img5172.png,Full
data/img5172.png,Name
data/img5172.png,Designation
data/img5172.png,Phone
data/img5172.png,Number
data/img5172.png,Company
data/img5172.png,Name
data/img5172.png, 
data/img5172.png,  
data/img5172.png,  
data/img5172.png, 
data/img5172.png, 
data/img5172.png, 
data/img5172.png,Address
data/img5172.png,Line
data/img5172.png,"1,"
data/img5172.png,Address
data/img5172.png,Line
data/img5172.png,"1,"
data/img5172.png,Address
data/img5172.png,Line
data/img5172.png,1
data/img5172.png,Address
data/img5172.png,Line
data/img5172.png,"2,"
data/img5172.png,Address
data/img5172.png,Line
data/img5172.png,"2,"
data/img5172.png,Address
data/img5172.png,Line
data/img5172.png,2
data/img5172.png,E-Mail
data/img5172.png,Address
data/img5588.png,Company
data/img5588.png,Name
data/img5588.png,Full
data/img5588.png,Name
data/img5588.png,Designation
data/img5588.png,Phone
data/img5588.png,Number
data/img5588.png, 
data/img5588.png,Address
data/img5588.png,Line
data/img5588.png,1
data/img5588.png,Address
data/img5588.png,Line
data/img5588.png,1
data/img5588.png,Address
data/img5588.png,Line
data/img5588.png,1
data/img5588.png,Address
data/img5588.png,Line
data/img5588.png,1
data/img5588.png,Address
data/img5588.png,Line
data/img5588.png,2
data/img5588.png,Address
data/img5588.png,Line
data/img5588.png,2
data/img5588.png,Address
data/img5588.png,Line
data/img5588.png,2
data/img5588.png,Address
data/img5588.png,Line
data/img5588.png,2
data/img5588.png,Email
data/img5588.png,Address
data/img8125.png,Full
data/img8125.png,Name
data/img8125.png,m
data/img8125.png,Designati
data/img8125.png,Co
data/img8125.png,pany
data/img8125.png,Name
data/img8125.png,Phone
data/img8125.png,Number
data/img8125.png, 
data/img8125.png,    
data/img8125.png,Address
data/img8125.png,Line
data/img8125.png,"|,"
data/img8125.png,Address
data/img8125.png,Line
data/img8125.png,"1,"
data/img8125.png,Address
data/img8125.png,Line
data/img8125.png,|
data/img8125.png,Address
data/img8125.png,Line
data/img8125.png,"2,"
data/img8125.png,Address
data/img8125.png,Line
data/img8125.png,"2,"
data/img8125.png,Address
data/img8125.png,Line
data/img8125.png,2
data/img8125.png,E-mail
data/img8125.png,Address
